Job_Title,Company_Title,Company_Slogan,Job_Type,Location,Work_Location,Industry,Employes_Count,Posted_Ago,Job_Link
"US Business Development Representative (Austin, TX)",Sunstice,Supply Chain Planning and RGM software for global organizations.,Permanent contract,US,A few days at home,"Software, Logistics",120,2 days ago,https://www.welcometothejungle.com/en/companies/futurmaster/jobs/us-business-development-representative-austin-tx_austin
Business Development Representative,Brevo,Customer Relationship Management (CRM) for global organizations.,Permanent contract,Business,A few days at home,"SaaS / Cloud Services, Marketing / Communications",950,5 days ago,https://www.welcometothejungle.com/en/companies/sendinblue/jobs/business-development-representative_austin_BREVO_p5XRJZj
Service Business Manager,MSX International,Services dédiés aux constructeurs automobiles et acteurs de la mobilité.,Permanent contract,Service,,Automotive,420,5 days ago,https://www.welcometothejungle.com/en/companies/msx-international/jobs/service-business-manager_dunton
"VP, Business Development - Florida",Descartes Underwriting,Parametric insurance for climate and emerging risks.,Permanent contract,"VP,",Fully-remote,"Artificial Intelligence / Machine Learning, Insurance",250,8 days ago,https://www.welcometothejungle.com/en/companies/descartesunderwriting/jobs/vp-business-development-florida_florida
"Junior Business Scientist, Data Science and Marketing Effectiveness",Ekimetrics,Solutions d'IA pour une performance business durable.,Permanent contract,Junior,A few days at home,"Scientist, Data Science and Marketing Effectiveness",500,9 days ago,https://www.welcometothejungle.com/en/companies/ekimetrics/jobs/junior-business-scientist-data-science-and-marketing-effectiveness_new-york
"Sales and Business Development Manager, ESS",Socomec,Équipements électriques pour la continuité et l'optimisation de l'énergie.,Permanent contract,Sales and,,"Electronics / Telecommunications, SocialTech / GreenTech","4,400",10 days ago,https://www.welcometothejungle.com/en/companies/socomec/jobs/sales-and-business-development-manager-ess_watertown
VIE Business Development - North America,Metroscope,AI solutions for efficient and sustainable industrial asset management.,VIE,Business,Occasional remote,"Software, Artificial Intelligence / Machine Learning",55,16 days ago,https://www.welcometothejungle.com/en/companies/metroscope/jobs/vie-business-development-north-america_alexandria
Director of Global Business Development,Botify,AI-powered platform for optimizing organic search and performance marketing.,Permanent contract,Director of Global,A few days at home,"Software, SaaS / Cloud Services",150,16 days ago,https://www.welcometothejungle.com/en/companies/botify/jobs/director-of-global-business-development_new-york
"Senior Human Resources Business Partner, Southern Region",Hermès,Objets de luxe artisanaux et créatifs.,Permanent contract,Senior Human Resources,,,"26,494",20 days ago,https://www.welcometothejungle.com/en/companies/hermes/jobs/senior-human-resources-business-partner-southern-region_miami_HERMS_w72PjWZ
"AVP, Business Development - Florida",Descartes Underwriting,Parametric insurance for climate and emerging risks.,Permanent contract,"AVP,",Fully-remote,"Artificial Intelligence / Machine Learning, Insurance",250,18 days ago,https://www.welcometothejungle.com/en/companies/descartesunderwriting/jobs/avp-or-vp-business-development_florida
"Business Development Specialist, Power Monitoring",Socomec,Équipements électriques pour la continuité et l'optimisation de l'énergie.,Permanent contract,Business,,"Electronics / Telecommunications, SocialTech / GreenTech","4,400",22 days ago,https://www.welcometothejungle.com/en/companies/socomec/jobs/business-developer-power-monitoring_watertown
Senior Sales Executive – B2B New Business Acquisition,Frenchfounders,Club de décideurs et dirigeants francophones pour l'intermédiation business.,Permanent contract,Business,Occasional remote,,65,22 days ago,https://www.welcometothejungle.com/en/companies/frenchfounders/jobs/senior-account-executive-b2b-new-business_new-york
"Director - Human Resources Business Partner, West Region",Hermès,Objets de luxe artisanaux et créatifs.,Permanent contract,Business,,,"26,494",28 days ago,https://www.welcometothejungle.com/en/companies/hermes/jobs/director-human-resources-business-partner-west-region_beverly-hills_HERMS_KxaKJN0
Business Development Manager - Strategic Accounts (Eastern US),Implicity,AI-driven platform for remote cardiac monitoring and patient management.,Permanent contract,Business,A few days at home,"Software, Artificial Intelligence / Machine Learning",100,last month,https://www.welcometothejungle.com/en/companies/implicity/jobs/business-development-manager-strategic-accounts-eastern-us_new-york
Business Transformation Senior Advisor,Dataiku,The Universal AI Platform for managing and building AI initiatives.,Permanent contract,Business,Fully-remote,"Software, Artificial Intelligence / Machine Learning","1,000",last month,https://www.welcometothejungle.com/en/companies/dataiku/jobs/business-transformation-senior-advisor_new-york
Legal Tech & Ops Associate (IP & Licensing Business),Mistral Ai,Modèles d'IA ouverts et accessibles pour l'innovation générative.,Permanent contract,Business,No remote work,Legal Tech & Ops Associate (IP & Licensing,280,last month,https://www.welcometothejungle.com/en/companies/mistral-ai/jobs/legal-tech-associate-ip-licensing-business_palo-alto
VIE - Business Development USA (H/F),Tessan,Solutions de télémédecine pour rendre la santé accessible à tous.,VIE -,Business,A few days at home,Development USA (H/F),104,last month,https://www.welcometothejungle.com/en/companies/tessan/jobs/vie-business-development-usa-h-f_new-york
Business Development Representative - US,Qevlar AI,AI-powered SaaS for operational cybersecurity teams,Permanent contract,Business,A few days at home,"Artificial Intelligence / Machine Learning, SaaS / Cloud Services",40,last month,https://www.welcometothejungle.com/en/companies/qevlar-ai/jobs/business-development-representative-us_new-york
Senior Director - Client Development,Hermès,Objets de luxe artisanaux et créatifs.,Permanent contract,New York,,,"26,494",2 days ago,https://www.welcometothejungle.com/en/companies/hermes/jobs/senior-director-client-development_new-york_HERMS_VQ2o5lk
"Client Development Manager - East Coast, MRTW & MTM",Hermès,Objets de luxe artisanaux et créatifs.,Permanent contract,Manhattan,,,"26,494",3 days ago,https://www.welcometothejungle.com/en/companies/hermes/jobs/client-development-manager-east-coast-mrtw-mtm_manhattan_HERMS_wbzPRWx
OEM Trade Parts BDM,MSX International,Services dédiés aux constructeurs automobiles et acteurs de la mobilité.,Permanent contract,Dallas,,Automotive,420,3 days ago,https://www.welcometothejungle.com/en/companies/msx-international/jobs/oem-trade-parts-bdm_dallas
FSR+ Coach,MSX International,Services dédiés aux constructeurs automobiles et acteurs de la mobilité.,Permanent contract,Southfield,,Automotive,420,5 days ago,https://www.welcometothejungle.com/en/companies/msx-international/jobs/implementation-specialist_port
US Artists Coach - Groover Club (Freelance),Groover,Music promotion platform for independent artists and professionals.,Freelance,New York,Fully-remote,,35,10 days ago,https://www.welcometothejungle.com/en/companies/groover/jobs/us-artists-coach-groover-club-freelance_new-york
"Senior Director, DSP Commercial Partnerships",Equativ,Advertising monetization platform for major websites.,Permanent contract,New York,A few days at home,AdTech / MarTech,700,16 days ago,https://www.welcometothejungle.com/en/companies/equativ/jobs/senior-director-dsp-commercial-partnerships_new-york
"Senior Director, Partnerships (Commercial)",Equativ,Advertising monetization platform for major websites.,Permanent contract,New York,A few days at home,AdTech / MarTech,700,16 days ago,https://www.welcometothejungle.com/en/companies/equativ/jobs/senior-director-partnerships-commercial_new-york
FSR+ Coach Washington Region,MSX International,Services dédiés aux constructeurs automobiles et acteurs de la mobilité.,Permanent contract,Southfield,,Automotive,420,19 days ago,https://www.welcometothejungle.com/en/companies/msx-international/jobs/fsr-coach-washington-region_southfield
US Analyst Technology Coverage,Crédit Agricole CIB,Banque de financement et d'investissement pour grandes entreprises et institutions.,Fixed-term / Temporary,San Francisco,,"Banking, Finance","10,400",last month,https://www.welcometothejungle.com/en/companies/credit-agricole-cib/jobs/us-analyst-technology-coverage_san-francisco
Competitive Intelligence Manager,Dataiku,The Universal AI Platform for managing and building AI initiatives.,Permanent contract,New York,No remote work,"Software, Artificial Intelligence / Machine Learning","1,000",last month,https://www.welcometothejungle.com/en/companies/dataiku/jobs/competitive-intelligence-manager_new-york
Lead Analytics Consultant,Kraken,Éditeur de logiciel pour énergies renouvelables.,Permanent contract,New York,A few days at home,"Environment / Sustainable Development, SaaS / Cloud Services","1,828",last month,https://www.welcometothejungle.com/en/companies/kraken/jobs/senior-client-data-analytics-lead_new-york
Mobile Service Coach,MSX International,Services dédiés aux constructeurs automobiles et acteurs de la mobilité.,Permanent contract,Cleveland,,Automotive,420,last month,https://www.welcometothejungle.com/en/companies/msx-international/jobs/mobile-service-coach_cleveland
Mobile Service Coach,MSX International,Services dédiés aux constructeurs automobiles et acteurs de la mobilité.,Permanent contract,San Francisco,,Automotive,420,last month,https://www.welcometothejungle.com/en/companies/msx-international/jobs/mobile-service-coach_las-vegas
Mobile Service Coach,MSX International,Services dédiés aux constructeurs automobiles et acteurs de la mobilité.,Permanent contract,Denver,,Automotive,420,last month,https://www.welcometothejungle.com/en/companies/msx-international/jobs/mobile-service-coach_denver
Mobile Service Coach,MSX International,Services dédiés aux constructeurs automobiles et acteurs de la mobilité.,Permanent contract,Los Angeles,,Automotive,420,last month,https://www.welcometothejungle.com/en/companies/msx-international/jobs/mobile-service-coach_washington
Mobile Service Coach,MSX International,Services dédiés aux constructeurs automobiles et acteurs de la mobilité.,Permanent contract,Atlanta,,Automotive,420,last month,https://www.welcometothejungle.com/en/companies/msx-international/jobs/mobile-service-coach_atlanta
Mobile Service Coach,MSX International,Services dédiés aux constructeurs automobiles et acteurs de la mobilité.,Permanent contract,Miami,,Automotive,420,last month,https://www.welcometothejungle.com/en/companies/msx-international/jobs/mobile-service-coach_southfield_MI_54XX7a2
Mobile Service Coach,MSX International,Services dédiés aux constructeurs automobiles et acteurs de la mobilité.,Permanent contract,Dallas,,Automotive,420,last month,https://www.welcometothejungle.com/en/companies/msx-international/jobs/mobile-service-coach_southfield_MI_mROMd9w
Mobile Service Coach,MSX International,Services dédiés aux constructeurs automobiles et acteurs de la mobilité.,Permanent contract,Tampa,,Automotive,420,last month,https://www.welcometothejungle.com/en/companies/msx-international/jobs/mobile-service-coach_southfield_MI_jNJ6b5N
Mobile Service Coach,MSX International,Services dédiés aux constructeurs automobiles et acteurs de la mobilité.,Permanent contract,Chicago,,Automotive,420,last month,https://www.welcometothejungle.com/en/companies/msx-international/jobs/mobile-service-coach_southfield
US Analyst Summer Internship - Energy and Real Assets,Crédit Agricole CIB,Banque de financement et d'investissement pour grandes entreprises et institutions.,Internship,New York,,"Banking, Finance","10,400",last month,https://www.welcometothejungle.com/en/companies/credit-agricole-cib/jobs/us-analyst-summer-internship-energy-and-real-assets_new-york
V.I.E. Financial Analyst,Société Générale,Banque pour le développement du commerce et de l'industrie.,,New York,A few days at home,"Banking, FinTech / InsurTech","110,000",14 hours ago,https://www.welcometothejungle.com/en/companies/societe-generale/jobs/v-i-e-financial-analyst_new-york
Agent Général d'Assurance (F/H) - Indépendant - Dpt 02 AISNE,AXA,Leader mondial de l'assurance et de la gestion d'actifs.,,Other,A few days at home,,"21,889",1 days ago,https://www.welcometothejungle.com/en/companies/axa/jobs/agent-general-d-assurance-f-h-independant-dpt-02-aisne_laon_AXA_kAJZVdZ
Agent Général d'Assurance (F/H) - Indépendant - Dpt 02 Flavy Le Martel,AXA,Leader mondial de l'assurance et de la gestion d'actifs.,,Other,A few days at home,,"21,889",1 days ago,https://www.welcometothejungle.com/en/companies/axa/jobs/agent-general-d-assurance-f-h-independant-dpt-02-flavy-le-martel_laon_AXA_J5DKyLg
Mandataire d’Assurance (F/H) - Indépendant - Dpt 02 LAON,AXA,Leader mondial de l'assurance et de la gestion d'actifs.,,Other,A few days at home,,"21,889",1 days ago,https://www.welcometothejungle.com/en/companies/axa/jobs/mandataire-d-assurance-f-h-independant-dpt-02-laon_laon_AXA_kZ0zNg2
Mandataire d’Assurance (F/H) - Indépendant - Dpt 02 SOISSONS,AXA,Leader mondial de l'assurance et de la gestion d'actifs.,,Other,A few days at home,,"21,889",1 days ago,https://www.welcometothejungle.com/en/companies/axa/jobs/mandataire-d-assurance-f-h-independant-dpt-02-soissons_laon_AXA_9pe9zJm
Agent Général d'Assurance (F/H) - Indépendant - Dpt 03 Château Thierry,AXA,Leader mondial de l'assurance et de la gestion d'actifs.,,Other,A few days at home,,"21,889",1 days ago,https://www.welcometothejungle.com/en/companies/axa/jobs/agent-general-d-assurance-f-h-independant-dpt-03-chateau-thierry_laon
Agent Général d'Assurance (F/H) - Indépendant - Dpt 02 LAON,AXA,Leader mondial de l'assurance et de la gestion d'actifs.,,Other,A few days at home,,"21,889",1 days ago,https://www.welcometothejungle.com/en/companies/axa/jobs/agent-general-d-assurance-f-h-independant-dpt-02-laon_laon_AXA_j9jRPDr
Mandataire d’Assurance (F/H) - Indépendant - Dpt 02 ST QUENTIN,AXA,Leader mondial de l'assurance et de la gestion d'actifs.,,Other,A few days at home,,"21,889",1 days ago,https://www.welcometothejungle.com/en/companies/axa/jobs/mandataire-d-assurance-f-h-independant-dpt-02-st-quentin_laon
"Assistant Manager, Palm Beach",Hermès,Objets de luxe artisanaux et créatifs.,Permanent contract,Palm Beach,,,"26,494",2 days ago,https://www.welcometothejungle.com/en/companies/hermes/jobs/assistant-manager-palm-beach_palm-beach_HERMS_LOqkL5M
Casual Auditor,MSX International,Services dédiés aux constructeurs automobiles et acteurs de la mobilité.,Permanent contract,Los Angeles,,Automotive,420,2 days ago,https://www.welcometothejungle.com/en/companies/msx-international/jobs/volvo-auditor_los-angeles
Utility Manager M/F,VINCI Construction,"Construction d'infrastructures, bâtiments et aménagements urbains.",Permanent contract,Norfolk,,Building / Public Works,"117,000",14 hours ago,https://www.welcometothejungle.com/en/companies/vinci-construction-fr/jobs/utility-manager-m-f_norfolk
"GMD Non-Flow Credit Repo Trader, Associate",Crédit Agricole CIB,Banque de financement et d'investissement pour grandes entreprises et institutions.,Permanent contract,New York,,"Banking, Finance","10,400",2 days ago,https://www.welcometothejungle.com/en/companies/credit-agricole-cib/jobs/gmd-non-flow-credit-repo-trader-associate_new-york
US Analyst - Corporate and Leveraged Finance - Fund Solutions Group North America,Crédit Agricole CIB,Banque de financement et d'investissement pour grandes entreprises et institutions.,Fixed-term / Temporary,New York,,"Banking, Finance","10,400",2 days ago,https://www.welcometothejungle.com/en/companies/credit-agricole-cib/jobs/us-analyst-corporate-and-leveraged-finance-fund-solutions-group-north-america_new-york
Senior Accountant,Socomec,Équipements électriques pour la continuité et l'optimisation de l'énergie.,Permanent contract,Suwanee,No remote work,"Electronics / Telecommunications, SocialTech / GreenTech","4,400",14 hours ago,https://www.welcometothejungle.com/en/companies/socomec/jobs/senior-accountant_suwanee
"Senior Regional Asset Protection Manager, Western Region",Hermès,Objets de luxe artisanaux et créatifs.,Permanent contract,Beverly Hills,,,"26,494",3 days ago,https://www.welcometothejungle.com/en/companies/hermes/jobs/senior-regional-asset-protection-manager-western-region_beverly-hills_HERMS_Xry8KLp
Senior Accountant,L-Acoustics,Systèmes de sonorisation professionnelle haut de gamme.,Permanent contract,Westlake Village,A few days at home,"Software, Music","1,000",3 days ago,https://www.welcometothejungle.com/en/companies/l-acoustics/jobs/senior-accountant_westlake
Implementation Specialist,MSX International,Services dédiés aux constructeurs automobiles et acteurs de la mobilité.,Permanent contract,Las Vegas,,Automotive,420,4 days ago,https://www.welcometothejungle.com/en/companies/msx-international/jobs/implementation-specialist_las-vegas_MI_g0YPA57
Implementation Specialist,MSX International,Services dédiés aux constructeurs automobiles et acteurs de la mobilité.,Permanent contract,Southfield,,Automotive,420,5 days ago,https://www.welcometothejungle.com/en/companies/msx-international/jobs/entry-level-openings-for-college-graduates-la-san-francisco-boston-nyc-chicago-and-philadephia_southfield
Analytics Intern,MSX International,Services dédiés aux constructeurs automobiles et acteurs de la mobilité.,Internship,Southfield,,Automotive,420,5 days ago,https://www.welcometothejungle.com/en/companies/msx-international/jobs/analytics-intern_southfield_MI_eojoq60
Analytics Intern,MSX International,Services dédiés aux constructeurs automobiles et acteurs de la mobilité.,Internship,Southfield,,Automotive,420,5 days ago,https://www.welcometothejungle.com/en/companies/msx-international/jobs/analytics-intern_southfield
"VP, Enterprise Risk Management and Regulatory Change",Crédit Agricole CIB,Banque de financement et d'investissement pour grandes entreprises et institutions.,Permanent contract,New York,,"Banking, Finance","10,400",3 days ago,https://www.welcometothejungle.com/en/companies/credit-agricole-cib/jobs/vp-enterprise-risk-management-and-regulatory-change_new-york
Head of Finance,Believe,Développement d'artistes et services musicaux personnalisés.,Permanent contract,Miami,,,"2,037",4 days ago,https://www.welcometothejungle.com/en/companies/believe-digital/jobs/head-of-finance_miami
eCommerce Operations Intern (2026 Semester 2) - Generation H,Hermès,Objets de luxe artisanaux et créatifs.,Internship,Manhattan,,,"26,494",7 days ago,https://www.welcometothejungle.com/en/companies/hermes/jobs/ecommerce-operations-intern-2026-semester-2-generation-h_manhattan
Hybrid District Manager Parts & Service,MSX International,Services dédiés aux constructeurs automobiles et acteurs de la mobilité.,Permanent contract,Richmond,,Automotive,420,8 days ago,https://www.welcometothejungle.com/en/companies/msx-international/jobs/hybrid-district-manager-parts-service_richmond
2026 Global Markets Division - Summer Intern Program,Crédit Agricole CIB,Banque de financement et d'investissement pour grandes entreprises et institutions.,Internship,New York,,"Banking, Finance","10,400",7 days ago,https://www.welcometothejungle.com/en/companies/credit-agricole-cib/jobs/2026-global-markets-division-summer-intern-program_new-york
AI Healthcare & Life Sciences Solutions Consultant,Dataiku,The Universal AI Platform for managing and building AI initiatives.,Permanent contract,New York,No remote work,"Software, Artificial Intelligence / Machine Learning","1,000",8 days ago,https://www.welcometothejungle.com/en/companies/dataiku/jobs/ai-healthcare-life-sciences-solutions-consultant_new-york
AI Analyst Co-op,Mirakl,Solutions logicielles pour e-commerce et marketplaces.,Permanent contract,Boston,A few days at home,"SaaS / Cloud Services, E-commerce",750,10 days ago,https://www.welcometothejungle.com/en/companies/mirakl/jobs/ai-analyst-co-op_boston
Casual Auditor,MSX International,Services dédiés aux constructeurs automobiles et acteurs de la mobilité.,Permanent contract,Dallas,,Automotive,420,9 days ago,https://www.welcometothejungle.com/en/companies/msx-international/jobs/volvo-auditor_dallas
Compliance Risk Assessment Officer - VP,Crédit Agricole CIB,Banque de financement et d'investissement pour grandes entreprises et institutions.,Permanent contract,New York,,"Banking, Finance","10,400",11 days ago,https://www.welcometothejungle.com/en/companies/credit-agricole-cib/jobs/compliance-risk-assessment-officer-vp_new-york
US Analyst - Loan Origination Support,Crédit Agricole CIB,Banque de financement et d'investissement pour grandes entreprises et institutions.,Fixed-term / Temporary,New York,,"Banking, Finance","10,400",11 days ago,https://www.welcometothejungle.com/en/companies/credit-agricole-cib/jobs/us-analyst-loan-origination-support_new-york_CAC_ldmy5q2
"VP, Regulatory Reporting Analyst",Crédit Agricole CIB,Banque de financement et d'investissement pour grandes entreprises et institutions.,Permanent contract,New York,,"Banking, Finance","10,400",11 days ago,https://www.welcometothejungle.com/en/companies/credit-agricole-cib/jobs/vp-regulatory-reporting-analyst_new-york
VP Lead Auditor - Financial Controls and Regulatory Reporting,Crédit Agricole CIB,Banque de financement et d'investissement pour grandes entreprises et institutions.,Permanent contract,New York,,"Banking, Finance","10,400",11 days ago,https://www.welcometothejungle.com/en/companies/credit-agricole-cib/jobs/vp-lead-auditor-financial-controls-and-regulatory-reporting_new-york
"Vice President, Senior ALM Specialist",Crédit Agricole CIB,Banque de financement et d'investissement pour grandes entreprises et institutions.,Permanent contract,New York,,"Banking, Finance","10,400",11 days ago,https://www.welcometothejungle.com/en/companies/credit-agricole-cib/jobs/vice-president-senior-alm-specialist_new-york
Compliance Data Analytics and Reporting Associate,Crédit Agricole CIB,Banque de financement et d'investissement pour grandes entreprises et institutions.,Permanent contract,New York,,"Banking, Finance","10,400",11 days ago,https://www.welcometothejungle.com/en/companies/credit-agricole-cib/jobs/compliance-data-analytics-and-reporting-associate_new-york
"Stock Controller, Maison Madison",Hermès,Objets de luxe artisanaux et créatifs.,Permanent contract,New York,,,"26,494",12 days ago,https://www.welcometothejungle.com/en/companies/hermes/jobs/stock-controller-maison-madison_new-york_HERMS_WkAgoGz
Warranty Claim Assessor,MSX International,Services dédiés aux constructeurs automobiles et acteurs de la mobilité.,Permanent contract,Southfield,,Automotive,420,12 days ago,https://www.welcometothejungle.com/en/companies/msx-international/jobs/warranty-claim-assessor_southfield
Regional Service Manager,Socomec,Équipements électriques pour la continuité et l'optimisation de l'énergie.,Permanent contract,Watertown,,"Electronics / Telecommunications, SocialTech / GreenTech","4,400",13 days ago,https://www.welcometothejungle.com/en/companies/socomec/jobs/regional-service-manager_watertown
"Assistant Manager, San Diego",Hermès,Objets de luxe artisanaux et créatifs.,Permanent contract,San Diego,,,"26,494",16 days ago,https://www.welcometothejungle.com/en/companies/hermes/jobs/assistant-manager-san-diego_san-diego_HERMS_lw4Z1dZ
"Assistant Manager, Las Vegas Crystals",Hermès,Objets de luxe artisanaux et créatifs.,Permanent contract,Las Vegas,,,"26,494",16 days ago,https://www.welcometothejungle.com/en/companies/hermes/jobs/assistant-manager-las-vegas-crystals_las-vegas_HERMS_q71jLlg
"Assistant Manager, Boston",Hermès,Objets de luxe artisanaux et créatifs.,Permanent contract,Boston,,,"26,494",16 days ago,https://www.welcometothejungle.com/en/companies/hermes/jobs/assistant-manager-boston_boston_HERMS_7q38AM
Global Investment Banking - ECM and M&A Summer 2026 Intern,Crédit Agricole CIB,Banque de financement et d'investissement pour grandes entreprises et institutions.,Internship,New York,,"Banking, Finance","10,400",16 days ago,https://www.welcometothejungle.com/en/companies/credit-agricole-cib/jobs/global-investment-banking-ecm-and-m-a-summer-2026-intern_new-york
Technical Solutions Manager,Nabla,AI assistant for streamlining clinical documentation in healthcare.,Permanent contract,New York,Fully-remote,"Artificial Intelligence / Machine Learning, Big Data",120,17 days ago,https://www.welcometothejungle.com/en/companies/nabla/jobs/technical-solutions-manager_new-york_NABLA_yPZ5WP9
Technical Manager,Ekimetrics,Solutions d'IA pour une performance business durable.,Permanent contract,New York,A few days at home,"IT / Digital, Strategy",500,16 days ago,https://www.welcometothejungle.com/en/companies/ekimetrics/jobs/technical-manager_new-york
"Asset Protection Specialist, Maison Madison",Hermès,Objets de luxe artisanaux et créatifs.,Permanent contract,New York,,,"26,494",20 days ago,https://www.welcometothejungle.com/en/companies/hermes/jobs/asset-protection-specialist-maison-madison_new-york_HERMS_wMVOXax
Internal Controller,Hermès,Objets de luxe artisanaux et créatifs.,Permanent contract,Manhattan,,,"26,494",20 days ago,https://www.welcometothejungle.com/en/companies/hermes/jobs/internal-controller_manhattan_HERMS_z3w3A7L
Accounts Payable Coordinator,Hermès,Objets de luxe artisanaux et créatifs.,Permanent contract,Manhattan,,,"26,494",20 days ago,https://www.welcometothejungle.com/en/companies/hermes/jobs/accounts-payable-coordinator_manhattan_HERMS_D3rw610
Service Lane Specialist,MSX International,Services dédiés aux constructeurs automobiles et acteurs de la mobilité.,Permanent contract,Southfield,,Automotive,420,18 days ago,https://www.welcometothejungle.com/en/companies/msx-international/jobs/service-lane-specialist_cedar-rapids
"Trade Marketing & Operations Intern - Saint Louis, (2026 Semester 2) - Generation H",Hermès,Objets de luxe artisanaux et créatifs.,Internship,Manhattan,,,"26,494",21 days ago,https://www.welcometothejungle.com/en/companies/hermes/jobs/trade-marketing-operations-intern-saint-louis-2026-semester-2-generation-h_manhattan
Financial Analyst,Hermès,Objets de luxe artisanaux et créatifs.,Permanent contract,Manhattan,,,"26,494",21 days ago,https://www.welcometothejungle.com/en/companies/hermes/jobs/financial-analyst_manhattan
Entrepreneur en Gestion de Patrimoine (F/H) - Dpt 02,AXA,Leader mondial de l'assurance et de la gestion d'actifs.,,Other,A few days at home,,"21,889",22 days ago,https://www.welcometothejungle.com/en/companies/axa/jobs/entrepreneur-en-gestion-de-patrimoine-f-h-dpt-02_laon_AXA_V49Z2Me
EPM / CPM Consulting Manager,MeltOne Advisory,Conseil en management et systèmes d'information pour la transformation.,Permanent contract,New York,No remote work,"Software, IT / Digital",200,22 days ago,https://www.welcometothejungle.com/en/companies/meltone-advisory/jobs/epm-cpm-consulting-manager_paris
Warranty Auditor,MSX International,Services dédiés aux constructeurs automobiles et acteurs de la mobilité.,Permanent contract,San Diego,,Automotive,420,22 days ago,https://www.welcometothejungle.com/en/companies/msx-international/jobs/warranty-auditor_washington_MI_eqrgMNY
Warranty Auditor,MSX International,Services dédiés aux constructeurs automobiles et acteurs de la mobilité.,Permanent contract,Washington,,Automotive,420,22 days ago,https://www.welcometothejungle.com/en/companies/msx-international/jobs/warranty-auditor_washington_MI_J25D9Z8
"Applied AI, Senior MLOps Engineer - NYC",Mistral Ai,Modèles d'IA ouverts et accessibles pour l'innovation générative.,Permanent contract,New York,A few days at home,"Artificial Intelligence / Machine Learning, IT / Digital",280,24 days ago,https://www.welcometothejungle.com/en/companies/mistral-ai/jobs/applied-ai-engineer-ml-infra-palo-alto_palo-alto
"Leveraged, Acquisition & TMT Finance Americas - Portfolio Management - Analyst",Crédit Agricole CIB,Banque de financement et d'investissement pour grandes entreprises et institutions.,Permanent contract,New York,,"Banking, Finance","10,400",23 days ago,https://www.welcometothejungle.com/en/companies/credit-agricole-cib/jobs/leveraged-acquisition-tmt-finance-americas-portfolio-management-analyst_new-york_CAC_5ZdVp9L
VP - RPC Project Finance Credit Analyst,Crédit Agricole CIB,Banque de financement et d'investissement pour grandes entreprises et institutions.,Permanent contract,New York,,"Banking, Finance","10,400",23 days ago,https://www.welcometothejungle.com/en/companies/credit-agricole-cib/jobs/vp-rpc-project-finance-credit-analyst_new-york_CAC_goqd40N
Analyst - Distressed Assets M/F,Crédit Agricole CIB,Banque de financement et d'investissement pour grandes entreprises et institutions.,,New York,,"Banking, Finance","10,400",23 days ago,https://www.welcometothejungle.com/en/companies/credit-agricole-cib/jobs/analyst-distressed-assets-m-f_new-york
Receiving Clerk,Nexans,Solutions de câblage pour la transition énergétique.,Permanent contract,Goose Creek,No remote work,"Specialised Engineering, Environment / Sustainable Development","28,500",22 days ago,https://www.welcometothejungle.com/en/companies/nexans/jobs/receiving-clerk_goose-creek
"Assistant Manager, Maison Madison Flagship",Hermès,Objets de luxe artisanaux et créatifs.,Permanent contract,New York,,,"26,494",24 days ago,https://www.welcometothejungle.com/en/companies/hermes/jobs/assistant-manager-maison-madison-flagship_new-york
"Director - Insurance Sector Client Coverage, FIG Americas",Crédit Agricole CIB,Banque de financement et d'investissement pour grandes entreprises et institutions.,Permanent contract,New York,,"Banking, Finance","10,400",25 days ago,https://www.welcometothejungle.com/en/companies/credit-agricole-cib/jobs/director-insurance-sector-client-coverage-fig-americas_new-york
"Leveraged, Acquisition & TMT Finance Americas - Portfolio Management - Analyst",Crédit Agricole CIB,Banque de financement et d'investissement pour grandes entreprises et institutions.,Permanent contract,New York,,"Banking, Finance","10,400",25 days ago,https://www.welcometothejungle.com/en/companies/credit-agricole-cib/jobs/leveraged-acquisition-tmt-finance-americas-portfolio-management-analyst_new-york
"Lead Auditor, Markets & Operations",Crédit Agricole CIB,Banque de financement et d'investissement pour grandes entreprises et institutions.,Permanent contract,New York,,"Banking, Finance","10,400",25 days ago,https://www.welcometothejungle.com/en/companies/credit-agricole-cib/jobs/lead-auditor-markets-operations_new-york
Head of Robotics Operations (USA),Inbolt,Real-time industrial robot guidance solutions with 3D vision and AI.,Permanent contract,Detroit,A few days at home,"Artificial Intelligence / Machine Learning, Connected Objects",45,25 days ago,https://www.welcometothejungle.com/en/companies/inbolt/jobs/head-of-robotics-operations-usa_detroit
"Managing Director, Short Hills",Hermès,Objets de luxe artisanaux et créatifs.,Permanent contract,Short Hills,,,"26,494",last month,https://www.welcometothejungle.com/en/companies/hermes/jobs/managing-director-short-hills_short-hills_HERMS_2reQamj
Program Support Manager,Safran Electronics & Defense,"Solutions high-tech pour l'Aéronautique, la Défense et le Spatial.",Permanent contract,Grand Prairie,No remote work,Aeronautics / Space,"14,000",29 days ago,https://www.welcometothejungle.com/en/companies/safran-electronics-defense-fr/jobs/program-support-manager_grand-prairie_SED_e4yAxlQ
Actively hiring!,Opal,Focus app to enhance presence and reduce distractions.,Permanent contract,New York,Fully-remote,"Mobile Apps, Software",24,last month,https://www.welcometothejungle.com/en/companies/opal/jobs/youth-advocacy-success-manager_new-york
Operations Tech I,LFB,"Biomédicaments pour maladies graves et rares, dérivés du plasma.",Permanent contract,Charlton,No remote work,Pharmaceutical / Biotech,"2,900",last month,https://www.welcometothejungle.com/en/companies/lfb/jobs/operations-tech-i_charlton
"US Analyst, RPC Counterparty Risk",Crédit Agricole CIB,Banque de financement et d'investissement pour grandes entreprises et institutions.,Fixed-term / Temporary,New York,,"Banking, Finance","10,400",last month,https://www.welcometothejungle.com/en/companies/credit-agricole-cib/jobs/us-analyst-rpc-counterparty-risk_new-york
"VP, Liquidity Reporting Analyst",Crédit Agricole CIB,Banque de financement et d'investissement pour grandes entreprises et institutions.,Permanent contract,New York,,"Banking, Finance","10,400",last month,https://www.welcometothejungle.com/en/companies/credit-agricole-cib/jobs/vp-liquidity-reporting-analyst_new-york
Senior Accountant,Motul,Lubrifiants haute-performance pour moteurs et industrie.,Permanent contract,Cypress,No remote work,Automotive,750,last month,https://www.welcometothejungle.com/en/companies/motul/jobs/senior-accountant_cypress
Materials Coordinator M/F,VINCI Construction,"Construction d'infrastructures, bâtiments et aménagements urbains.",Permanent contract,Chicago,,Building / Public Works,"117,000",last month,https://www.welcometothejungle.com/en/companies/vinci-construction-fr/jobs/other-m-f_chicago
Mobile Service Performance Specialist,MSX International,Services dédiés aux constructeurs automobiles et acteurs de la mobilité.,Permanent contract,Southfield,,Automotive,420,last month,https://www.welcometothejungle.com/en/companies/msx-international/jobs/mobile-service-coach_los-angeles
"Operations Staffing Manager, Louisville, KY",Gojob,Plateforme de service pour l'emploi avec technologies et IA.,Fixed-term / Temporary,Louisville,No remote work,"Mobile Apps, SaaS / Cloud Services",240,last month,https://www.welcometothejungle.com/en/companies/gojob/jobs/operations-staffing-manager-louisville-ky_louisville
AI Scientist - Palo Alto,Mistral Ai,Modèles d'IA ouverts et accessibles pour l'innovation générative.,Permanent contract,Palo Alto,A few days at home,"Artificial Intelligence / Machine Learning, IT / Digital",280,last month,https://www.welcometothejungle.com/en/companies/mistral-ai/jobs/ai-scientist-palo-alto_palo-alto
Accounting & Financial Analyst,Safran Electronics & Defense,"Solutions high-tech pour l'Aéronautique, la Défense et le Spatial.",Permanent contract,Grand Prairie,No remote work,Aeronautics / Space,"14,000",last month,https://www.welcometothejungle.com/en/companies/safran-electronics-defense-fr/jobs/financial-analyst_grand-prairie
Head of Liquidity Reporting,Crédit Agricole CIB,Banque de financement et d'investissement pour grandes entreprises et institutions.,Permanent contract,New York,,"Banking, Finance","10,400",last month,https://www.welcometothejungle.com/en/companies/credit-agricole-cib/jobs/head-of-liquidity-reporting_new-york
Implementation Specialist,MSX International,Services dédiés aux constructeurs automobiles et acteurs de la mobilité.,Permanent contract,Cleveland,,Automotive,420,last month,https://www.welcometothejungle.com/en/companies/msx-international/jobs/implementation-specialist_cleveland
Accounting Specialist,SAFRAN POWER UNITS,Solutions innovantes de conception et réparation en aéronautique.,Permanent contract,Grand Prairie,No remote work,Aeronautics / Space,780,last month,https://www.welcometothejungle.com/en/companies/safran-power-units/jobs/accounting-manager_grand-prairie
Accounting & Finance Manager,Safran Electronics & Defense,"Solutions high-tech pour l'Aéronautique, la Défense et le Spatial.",Permanent contract,Grand Prairie,No remote work,Aeronautics / Space,"14,000",last month,https://www.welcometothejungle.com/en/companies/safran-electronics-defense-fr/jobs/accounting-finance-manager_grand-prairie
Operations Intern- Data Science,Safran Electronics & Defense,"Solutions high-tech pour l'Aéronautique, la Défense et le Spatial.",Internship,Grand Prairie,No remote work,Aeronautics / Space,"14,000",last month,https://www.welcometothejungle.com/en/companies/safran-electronics-defense-fr/jobs/operations-intern_grand-prairie_SED_kl5aKP3
"VP, CUSO Compliance Risk Assessment Officer",Crédit Agricole CIB,Banque de financement et d'investissement pour grandes entreprises et institutions.,Permanent contract,New York,,"Banking, Finance","10,400",last month,https://www.welcometothejungle.com/en/companies/credit-agricole-cib/jobs/vp-cuso-compliance-risk-assessment-officer_new-york_CAC_NyNeDl1
US Analyst - Counterparty and Credit Risk Monitoring Administrator,Crédit Agricole CIB,Banque de financement et d'investissement pour grandes entreprises et institutions.,Fixed-term / Temporary,New York,,"Banking, Finance","10,400",last month,https://www.welcometothejungle.com/en/companies/credit-agricole-cib/jobs/us-analyst-counterparty-and-credit-risk-monitoring-administrator_new-york
FP&A Manager,Dataiku,The Universal AI Platform for managing and building AI initiatives.,Permanent contract,New York,Fully-remote,"Software, Artificial Intelligence / Machine Learning","1,000",last month,https://www.welcometothejungle.com/en/companies/dataiku/jobs/fp-a-manager_new-york
"Applied AI, Technical Lead - Forward Deployed AI Engineer",Mistral Ai,Modèles d'IA ouverts et accessibles pour l'innovation générative.,Permanent contract,New York,A few days at home,"Artificial Intelligence / Machine Learning, IT / Digital",280,last month,https://www.welcometothejungle.com/en/companies/mistral-ai/jobs/applied-ai-technical-lead-forward-deployed-ai-engineer-nyc_new-york
Summer 2026 Intern - Corporate and Leveraged Finance,Crédit Agricole CIB,Banque de financement et d'investissement pour grandes entreprises et institutions.,Internship,New York,,"Banking, Finance","10,400",last month,https://www.welcometothejungle.com/en/companies/credit-agricole-cib/jobs/summer-2026-intern-corporate-and-leveraged-finance_new-york
6 months Internship in Strategy & Data Science | New York,Ekimetrics,Solutions d'IA pour une performance business durable.,Internship,New York,A few days at home,"IT / Digital, Strategy",500,last month,https://www.welcometothejungle.com/en/companies/ekimetrics/jobs/internship-in-strategy-data-science-new-york_new-york
Operations Director,Kraken,Éditeur de logiciel pour énergies renouvelables.,Permanent contract,New York,A few days at home,"Environment / Sustainable Development, SaaS / Cloud Services","1,828",last month,https://www.welcometothejungle.com/en/companies/kraken/jobs/director-org-design_new-york
Senior Client Implementation Lead - Operations,Kraken,Éditeur de logiciel pour énergies renouvelables.,Permanent contract,New York,A few days at home,"Environment / Sustainable Development, SaaS / Cloud Services","1,828",last month,https://www.welcometothejungle.com/en/companies/kraken/jobs/senior-client-implementation-lead-operations_new-york
Lead Auditor - Regulatory Compliance,Crédit Agricole CIB,Banque de financement et d'investissement pour grandes entreprises et institutions.,Permanent contract,New York,,"Banking, Finance","10,400",last month,https://www.welcometothejungle.com/en/companies/credit-agricole-cib/jobs/lead-auditor-regulatory-compliance_new-york_CAC_mgR0lyw
US Analyst - Risk and Permanent Control Financial Institutions,Crédit Agricole CIB,Banque de financement et d'investissement pour grandes entreprises et institutions.,Fixed-term / Temporary,New York,,"Banking, Finance","10,400",last month,https://www.welcometothejungle.com/en/companies/credit-agricole-cib/jobs/us-analyst-risk-and-permanent-control-financial-institutions_new-york
"Structured Finance, Transportation Group - Associate",Crédit Agricole CIB,Banque de financement et d'investissement pour grandes entreprises et institutions.,Permanent contract,New York,,"Banking, Finance","10,400",last month,https://www.welcometothejungle.com/en/companies/credit-agricole-cib/jobs/structured-finance-transportation-group-associate_new-york
Quality Manager,Socomec,Équipements électriques pour la continuité et l'optimisation de l'énergie.,Permanent contract,Suwanee,No remote work,"Electronics / Telecommunications, SocialTech / GreenTech","4,400",last month,https://www.welcometothejungle.com/en/companies/socomec/jobs/quality-manager_suwanee
Assistant Manager,LFB,"Biomédicaments pour maladies graves et rares, dérivés du plasma.",Permanent contract,Anniston,No remote work,Pharmaceutical / Biotech,"2,900",last month,https://www.welcometothejungle.com/en/companies/lfb/jobs/assistant-manager_anniston
AI deployment architect - New York,MakiPeople,AI-powered agents that transform HR into a strategic powerhouse.,Permanent contract,New York,No remote work,"Software, SaaS / Cloud Services",50,2 months ago,https://www.welcometothejungle.com/en/companies/maki/jobs/ai-deployment-architect-new-york_new-york
Data Analyst,MSX International,Services dédiés aux constructeurs automobiles et acteurs de la mobilité.,Permanent contract,Southfield,,Automotive,420,2 months ago,https://www.welcometothejungle.com/en/companies/msx-international/jobs/data-analyst_southfield_MI_bgD2Yoy
Plant Manager,Socomec,Équipements électriques pour la continuité et l'optimisation de l'énergie.,Permanent contract,Crystal Lake,,"Electronics / Telecommunications, SocialTech / GreenTech","4,400",2 months ago,https://www.welcometothejungle.com/en/companies/socomec/jobs/plant-manager_crystal-lake_SOCOM_rgmNyO
Plant Manager,Socomec,Équipements électriques pour la continuité et l'optimisation de l'énergie.,Permanent contract,Crystal Lake,,"Electronics / Telecommunications, SocialTech / GreenTech","4,400",2 months ago,https://www.welcometothejungle.com/en/companies/socomec/jobs/plant-manager_crystal-lake
Sales Intern,Cohabs,International coliving operator and investor based in Brussels.,Internship,New York,Occasional remote,Residential Real Estate,90,2 days ago,https://www.welcometothejungle.com/en/companies/cohabs/jobs/sales-intern_new-york_COHAB_pW4wJab
Program Manager,MSX International,Services dédiés aux constructeurs automobiles et acteurs de la mobilité.,Permanent contract,Irvine,,Automotive,420,14 hours ago,https://www.welcometothejungle.com/en/companies/msx-international/jobs/program-manager_irvine
JLR Program Manager (Nationwide),MSX International,Services dédiés aux constructeurs automobiles et acteurs de la mobilité.,Permanent contract,Mahwah,,Automotive,420,4 days ago,https://www.welcometothejungle.com/en/companies/msx-international/jobs/jlr-program-manager_southfield
VIE US - Sales & Ops Manager - Renewable Energy SaaS,SkyVisor,Solutions logicielles pour la maintenance prédictive des infrastructures énergétiques.,,Dallas,A few days at home,"Environment / Sustainable Development, SaaS / Cloud Services",20,10 days ago,https://www.welcometothejungle.com/en/companies/skyvisor/jobs/us-based-business-developer_paris
Senior Accounts Manager New York,Frenchfounders,Club de décideurs et dirigeants francophones pour l'intermédiation business.,Permanent contract,New York,Occasional remote,,65,22 days ago,https://www.welcometothejungle.com/en/companies/frenchfounders/jobs/senior-accounts-manager-new-york_new-york
"Sales Engineer, Private Networks - Chicago",Forsk,Logiciels de radio planning et d'optimisation des réseaux mobiles.,Permanent contract,Chicago,A few days at home,"Software, Electronics / Telecommunications",150,last month,https://www.welcometothejungle.com/en/companies/forsk/jobs/sales-engineer-private-networks-chicago_chicago
Food Industry Ingredients Sourcing Manager,Hubcycle,Ingrédients végétaux upcyclés pour l'industrie agroalimentaire.,Permanent contract,Chicago,,"Environment / Sustainable Development, Agri-food / Animal Nutrition",30,last month,https://www.welcometothejungle.com/en/companies/hubcycle/jobs/food-industry-ingredients-sourcing-manager_chicago
Customer Experience Intern,Cohabs,International coliving operator and investor based in Brussels.,Internship,New York,No remote work,Residential Real Estate,90,2 days ago,https://www.welcometothejungle.com/en/companies/cohabs/jobs/customer-experience-intern_new-york_COHAB_ZqXAN4y
Field Performance Specialist,MSX International,Services dédiés aux constructeurs automobiles et acteurs de la mobilité.,Permanent contract,Mahwah,,Automotive,420,14 hours ago,https://www.welcometothejungle.com/en/companies/msx-international/jobs/field-performance-specialist_mahwah
Field Consultant,MSX International,Services dédiés aux constructeurs automobiles et acteurs de la mobilité.,Permanent contract,Southfield,,Automotive,420,2 days ago,https://www.welcometothejungle.com/en/companies/msx-international/jobs/field-consultant_southfield_MI_lGpy711
Solutions Leader,MSX International,Services dédiés aux constructeurs automobiles et acteurs de la mobilité.,Permanent contract,Chesterton,,Automotive,420,2 days ago,https://www.welcometothejungle.com/en/companies/msx-international/jobs/solutions-leader_chester
Sales & Marketing Specialist,MSX International,Services dédiés aux constructeurs automobiles et acteurs de la mobilité.,Permanent contract,Fountain Valley,,Automotive,420,2 days ago,https://www.welcometothejungle.com/en/companies/msx-international/jobs/wholesale-parts-coach_irvine
US Enterprise Account Executive,Sifflet,Full Data Stack Observability platform for trusted data and decision-making.,Permanent contract,New York,Fully-remote,"Artificial Intelligence / Machine Learning, SaaS / Cloud Services",,2 days ago,https://www.welcometothejungle.com/en/companies/sifflet/jobs/us-enterprise-account-executive_new-york
Litigation Support Specialist,MSX International,Services dédiés aux constructeurs automobiles et acteurs de la mobilité.,Permanent contract,Temecula,,Automotive,420,3 days ago,https://www.welcometothejungle.com/en/companies/msx-international/jobs/litigation-support-specialist_temecula
Accessory Quality Engineer,MSX International,Services dédiés aux constructeurs automobiles et acteurs de la mobilité.,Permanent contract,Irvine,,Automotive,420,3 days ago,https://www.welcometothejungle.com/en/companies/msx-international/jobs/accessory-quality-engineer_irvine
Automotive Technical Advisor/Mechanic,MSX International,Services dédiés aux constructeurs automobiles et acteurs de la mobilité.,Permanent contract,San Francisco,,Automotive,420,4 days ago,https://www.welcometothejungle.com/en/companies/msx-international/jobs/field-consultant_irvine
Field Service Specialist,MSX International,Services dédiés aux constructeurs automobiles et acteurs de la mobilité.,Permanent contract,San Francisco,,Automotive,420,4 days ago,https://www.welcometothejungle.com/en/companies/msx-international/jobs/field-service-specialist_san-francisco
Field Performance Specialist,MSX International,Services dédiés aux constructeurs automobiles et acteurs de la mobilité.,Permanent contract,Philadelphia,,Automotive,420,4 days ago,https://www.welcometothejungle.com/en/companies/msx-international/jobs/fixed-operations-field-specialist_medford
Field Performance Specialist,MSX International,Services dédiés aux constructeurs automobiles et acteurs de la mobilité.,Permanent contract,Detroit,,Automotive,420,5 days ago,https://www.welcometothejungle.com/en/companies/msx-international/jobs/field-performance-specialist_southfield_MI_1j573x
Technical Training Instructor,MSX International,Services dédiés aux constructeurs automobiles et acteurs de la mobilité.,Permanent contract,Irvine,,Automotive,420,6 days ago,https://www.welcometothejungle.com/en/companies/msx-international/jobs/technical-training-instructor_irvine_MI_V7y3DPk
Field Service Specialist,MSX International,Services dédiés aux constructeurs automobiles et acteurs de la mobilité.,Permanent contract,Tarzana,,Automotive,420,7 days ago,https://www.welcometothejungle.com/en/companies/msx-international/jobs/field-service-specialist_san-diego_MI_DMxOYeX
Automotive Operations Specialist,MSX International,Services dédiés aux constructeurs automobiles et acteurs de la mobilité.,Permanent contract,Mahwah,,Automotive,420,8 days ago,https://www.welcometothejungle.com/en/companies/msx-international/jobs/field-performance-specialist_southfield_MI_orVkWA
Automotive Operations Specialist,MSX International,Services dédiés aux constructeurs automobiles et acteurs de la mobilité.,Permanent contract,Milwaukee,,Automotive,420,8 days ago,https://www.welcometothejungle.com/en/companies/msx-international/jobs/automotive-operations-specialist_milwaukee
Ford Connected Services Trainer,MSX International,Services dédiés aux constructeurs automobiles et acteurs de la mobilité.,Permanent contract,San Francisco,,Automotive,420,9 days ago,https://www.welcometothejungle.com/en/companies/msx-international/jobs/ford-connected-services-trainer_san-francisco
Mobile Service Field Specialist,MSX International,Services dédiés aux constructeurs automobiles et acteurs de la mobilité.,Permanent contract,Albany,,Automotive,420,12 days ago,https://www.welcometothejungle.com/en/companies/msx-international/jobs/mobile-service-field-specialist_albany_MI_QRZKAQY
Market Tire Coach,MSX International,Services dédiés aux constructeurs automobiles et acteurs de la mobilité.,Permanent contract,St Louis,,Automotive,420,12 days ago,https://www.welcometothejungle.com/en/companies/msx-international/jobs/market-tire-coach_st-louis
Warranty Assessor,MSX International,Services dédiés aux constructeurs automobiles et acteurs de la mobilité.,Permanent contract,Southfield,,Automotive,420,12 days ago,https://www.welcometothejungle.com/en/companies/msx-international/jobs/warranty-assessor_southfield_MI_14qyPNO
Warranty Assessor,MSX International,Services dédiés aux constructeurs automobiles et acteurs de la mobilité.,Permanent contract,Southfield,,Automotive,420,12 days ago,https://www.welcometothejungle.com/en/companies/msx-international/jobs/warranty-assessor_southfield
Central US Sales Director - Renewables SaaS,SkyVisor,Solutions logicielles pour la maintenance prédictive des infrastructures énergétiques.,Permanent contract,Dallas,A few days at home,"Environment / Sustainable Development, SaaS / Cloud Services",20,12 days ago,https://www.welcometothejungle.com/en/companies/skyvisor/jobs/regional-sales-director-midwest-usa-renewables-saas_dallas
Technical Training Instructor,MSX International,Services dédiés aux constructeurs automobiles et acteurs de la mobilité.,Permanent contract,Irvine,,Automotive,420,16 days ago,https://www.welcometothejungle.com/en/companies/msx-international/jobs/technical-training-instructor_irvine_MI_kAzPz6w
Mobile Service Field Specialist,MSX International,Services dédiés aux constructeurs automobiles et acteurs de la mobilité.,Permanent contract,Raleigh,,Automotive,420,17 days ago,https://www.welcometothejungle.com/en/companies/msx-international/jobs/mobile-service-field-specialist_charlotte_MI_2ZLRD7j
"Project Manager, Learning and Development",MSX International,Services dédiés aux constructeurs automobiles et acteurs de la mobilité.,Permanent contract,Irvine,,Automotive,420,17 days ago,https://www.welcometothejungle.com/en/companies/msx-international/jobs/project-manager-learning-and-development_irvine
Survey Party Chief M/F,VINCI Construction,"Construction d'infrastructures, bâtiments et aménagements urbains.",Permanent contract,Norfolk,,Building / Public Works,"117,000",19 days ago,https://www.welcometothejungle.com/en/companies/vinci-construction-fr/jobs/survey-party-chief-m-f_norfolk
Automotive Technical Advisor/Mechanic,MSX International,Services dédiés aux constructeurs automobiles et acteurs de la mobilité.,Permanent contract,San Francisco,,Automotive,420,26 days ago,https://www.welcometothejungle.com/en/companies/msx-international/jobs/automotive-technical-advisor-mechanic_san-francisco_MI_e39Y0k7
Sales Manager- Contracts,Safran Electronics & Defense,"Solutions high-tech pour l'Aéronautique, la Défense et le Spatial.",Permanent contract,Irvine,No remote work,Aeronautics / Space,"14,000",26 days ago,https://www.welcometothejungle.com/en/companies/safran-electronics-defense-fr/jobs/contract-sales-manager_irvine
Processor,MSX International,Services dédiés aux constructeurs automobiles et acteurs de la mobilité.,Permanent contract,Southfield,,Automotive,420,29 days ago,https://www.welcometothejungle.com/en/companies/msx-international/jobs/processor_southfield
Express Service Coach,MSX International,Services dédiés aux constructeurs automobiles et acteurs de la mobilité.,Permanent contract,Washington,,Automotive,420,last month,https://www.welcometothejungle.com/en/companies/msx-international/jobs/express-service-coach_washington
Express Service Coach,MSX International,Services dédiés aux constructeurs automobiles et acteurs de la mobilité.,Permanent contract,Cleveland,,Automotive,420,last month,https://www.welcometothejungle.com/en/companies/msx-international/jobs/express-service-coach_cleveland
Express Service Coach,MSX International,Services dédiés aux constructeurs automobiles et acteurs de la mobilité.,Permanent contract,Houston,,Automotive,420,last month,https://www.welcometothejungle.com/en/companies/msx-international/jobs/express-service-coach_houston
Express Service Coach,MSX International,Services dédiés aux constructeurs automobiles et acteurs de la mobilité.,Permanent contract,Phoenix,,Automotive,420,last month,https://www.welcometothejungle.com/en/companies/msx-international/jobs/express-service-coach_phoenix
Express Service Coach,MSX International,Services dédiés aux constructeurs automobiles et acteurs de la mobilité.,Permanent contract,Philadelphia,,Automotive,420,last month,https://www.welcometothejungle.com/en/companies/msx-international/jobs/express-service-coach_philadelphia
Express Service Coach,MSX International,Services dédiés aux constructeurs automobiles et acteurs de la mobilité.,Permanent contract,Denver,,Automotive,420,last month,https://www.welcometothejungle.com/en/companies/msx-international/jobs/express-service-coach_denver
Express Service Coach,MSX International,Services dédiés aux constructeurs automobiles et acteurs de la mobilité.,Permanent contract,Atlanta,,Automotive,420,last month,https://www.welcometothejungle.com/en/companies/msx-international/jobs/express-service-coach_atlanta
Express Service Coach,MSX International,Services dédiés aux constructeurs automobiles et acteurs de la mobilité.,Permanent contract,Dallas,,Automotive,420,last month,https://www.welcometothejungle.com/en/companies/msx-international/jobs/express-service-coach_dallas
Express Service Coach,MSX International,Services dédiés aux constructeurs automobiles et acteurs de la mobilité.,Permanent contract,Tampa,,Automotive,420,last month,https://www.welcometothejungle.com/en/companies/msx-international/jobs/express-service-coach_tampa
Express Service Coach,MSX International,Services dédiés aux constructeurs automobiles et acteurs de la mobilité.,Permanent contract,Austin,,Automotive,420,last month,https://www.welcometothejungle.com/en/companies/msx-international/jobs/express-service-coach_austin
Express Service Coach,MSX International,Services dédiés aux constructeurs automobiles et acteurs de la mobilité.,Permanent contract,Las Vegas,,Automotive,420,last month,https://www.welcometothejungle.com/en/companies/msx-international/jobs/express-service-coach_las-vegas
Express Service Coach,MSX International,Services dédiés aux constructeurs automobiles et acteurs de la mobilité.,Permanent contract,Orlando,,Automotive,420,last month,https://www.welcometothejungle.com/en/companies/msx-international/jobs/express-service-coach_southfield_MI_mrqwARN
Express Service Coach,MSX International,Services dédiés aux constructeurs automobiles et acteurs de la mobilité.,Permanent contract,Chicago,,Automotive,420,last month,https://www.welcometothejungle.com/en/companies/msx-international/jobs/1_southfield
Express Service Coach,MSX International,Services dédiés aux constructeurs automobiles et acteurs de la mobilité.,Permanent contract,Southfield,,Automotive,420,last month,https://www.welcometothejungle.com/en/companies/msx-international/jobs/express-service-coach_southfield_MI_mxjdgDe
Express Service Coach,MSX International,Services dédiés aux constructeurs automobiles et acteurs de la mobilité.,Permanent contract,Southfield,,Automotive,420,last month,https://www.welcometothejungle.com/en/companies/msx-international/jobs/express-service-coach_southfield_MI_63xWwA9
Express Service Coach,MSX International,Services dédiés aux constructeurs automobiles et acteurs de la mobilité.,Permanent contract,Los Angeles,,Automotive,420,last month,https://www.welcometothejungle.com/en/companies/msx-international/jobs/express-service-coach_southfield
Apprentice Technical Trainer,MSX International,Services dédiés aux constructeurs automobiles et acteurs de la mobilité.,,Work study,,Automotive,420,last month,https://www.welcometothejungle.com/en/companies/msx-international/jobs/apprentice-technical-trainer_mahwah
Operations and Payroll manager F/H,VINCI Construction,"Construction d'infrastructures, bâtiments et aménagements urbains.",Permanent contract,Boca Raton,,Building / Public Works,"117,000",last month,https://www.welcometothejungle.com/en/companies/vinci-construction-fr/jobs/operations-and-payroll-manager-f-h_boca-raton
Administrative specialist F/H,VINCI Construction,"Construction d'infrastructures, bâtiments et aménagements urbains.",Permanent contract,Boca Raton,,Building / Public Works,"117,000",last month,https://www.welcometothejungle.com/en/companies/vinci-construction-fr/jobs/administrative-specialist-f-h_boca-raton
Market Tire Coach,MSX International,Services dédiés aux constructeurs automobiles et acteurs de la mobilité.,Permanent contract,New Haven,,Automotive,420,last month,https://www.welcometothejungle.com/en/companies/msx-international/jobs/market-performance-manager_new-haven
Applications Engineer – Treatment Technologies,SUEZ,Gestion de l'eau et des déchets pour une transition écologique durable.,Permanent contract,Chicago,,"Environment / Sustainable Development, SocialTech / GreenTech","40,000",2 months ago,https://www.welcometothejungle.com/en/companies/suez/jobs/applications-engineer-treatment-technologies_chicago
Vehicle Buyback Specialist,MSX International,Services dédiés aux constructeurs automobiles et acteurs de la mobilité.,Permanent contract,Fountain Valley,,Automotive,420,2 months ago,https://www.welcometothejungle.com/en/companies/msx-international/jobs/vehicle-buyback-specialist_fountain-valley
"Procurement Manager, Contract Manufacturing",Prose,"Custom, made-to-order hair and skin products using a tech-driven approach.",Permanent contract,Brooklyn,No remote work,"Artificial Intelligence / Machine Learning, Cosmetics",306,13 hours ago,https://www.welcometothejungle.com/en/companies/prose/jobs/procurement-manager-contract-manufacturing_brooklyn
Enterprise Sales Leader,Mistral Ai,Modèles d'IA ouverts et accessibles pour l'innovation générative.,Permanent contract,San Francisco,A few days at home,"Artificial Intelligence / Machine Learning, IT / Digital",280,3 days ago,https://www.welcometothejungle.com/en/companies/mistral-ai/jobs/enterprise-sales-leader_san-francisco
Strategic Account Lead,Equativ,Advertising monetization platform for major websites.,Permanent contract,Los Angeles,A few days at home,AdTech / MarTech,700,3 days ago,https://www.welcometothejungle.com/en/companies/equativ/jobs/strategic-account-lead_los-angeles
Major Account Executive,Quadient,Řešení automatizace pro digitální transformaci a růst firem.,Permanent contract,Detroit,,"Software, IT / Digital","4,600",3 days ago,https://www.welcometothejungle.com/en/companies/quadient/jobs/major-account-executive_detroit
Key Account Manager- OEM Americas,Safran Electronics & Defense,"Solutions high-tech pour l'Aéronautique, la Défense et le Spatial.",Permanent contract,Irvine,No remote work,Aeronautics / Space,"14,000",5 days ago,https://www.welcometothejungle.com/en/companies/safran-electronics-defense-fr/jobs/key-account-manager-oem-americas_irvine
Capital Markets IT/Electronic Trading Americas Lead,Crédit Agricole CIB,Banque de financement et d'investissement pour grandes entreprises et institutions.,Permanent contract,New York,,"Banking, Finance","10,400",4 days ago,https://www.welcometothejungle.com/en/companies/credit-agricole-cib/jobs/capital-markets-it-electronic-trading-americas-lead_new-york
Manager in Marketing Analytics & Data Science - New York,Ekimetrics,Solutions d'IA pour une performance business durable.,Permanent contract,New York,A few days at home,"IT / Digital, Strategy",500,5 days ago,https://www.welcometothejungle.com/en/companies/ekimetrics/jobs/manager-in-marketing-analytics-data-science-new-york_new-york
Project Manager,SAFRAN POWER UNITS,Solutions innovantes de conception et réparation en aéronautique.,Permanent contract,Grand Prairie,No remote work,Aeronautics / Space,780,7 days ago,https://www.welcometothejungle.com/en/companies/safran-power-units/jobs/project-manager_grand-prairie
Aircraft Subsystems Architect - Engineer,SOGECLAIR,Solutions innovantes pour une mobilité sobre et sûre.,Permanent contract,Wichita,No remote work,,"1,100",11 days ago,https://www.welcometothejungle.com/en/companies/groupe-sogeclair/jobs/aircraft-subsystems-architect-engineer_wichita
Sales Director - Atlanta - Logistics & Manufacturing,Gojob,Plateforme de service pour l'emploi avec technologies et IA.,Permanent contract,Atlanta,No remote work,"Mobile Apps, SaaS / Cloud Services",240,9 days ago,https://www.welcometothejungle.com/en/companies/gojob/jobs/sales-director-atlanta-logistics-manufacturing_atlanta
Collateral Management Middle Office,Crédit Agricole CIB,Banque de financement et d'investissement pour grandes entreprises et institutions.,Permanent contract,New York,,"Banking, Finance","10,400",11 days ago,https://www.welcometothejungle.com/en/companies/credit-agricole-cib/jobs/collateral-management-middle-office_new-york
"Strategic Customer Success Manager, Northeast",Dataiku,The Universal AI Platform for managing and building AI initiatives.,Permanent contract,New York,No remote work,"Software, Artificial Intelligence / Machine Learning","1,000",11 days ago,https://www.welcometothejungle.com/en/companies/dataiku/jobs/strategic-customer-success-manager-northeast_new-york
J202602060 Field Service Technician 2,Quadient,Řešení automatizace pro digitální transformaci a růst firem.,Permanent contract,Tampa,,"Software, IT / Digital","4,600",12 days ago,https://www.welcometothejungle.com/en/companies/quadient/jobs/j202602060-field-service-technician-2_tampa
Key Account Manager- US Military & Defense,Safran Electronics & Defense,"Solutions high-tech pour l'Aéronautique, la Défense et le Spatial.",Permanent contract,Irvine,No remote work,Aeronautics / Space,"14,000",12 days ago,https://www.welcometothejungle.com/en/companies/safran-electronics-defense-fr/jobs/key-account-manager-us-military-defense_irvine
Account Executive,Quadient,Řešení automatizace pro digitální transformaci a růst firem.,Permanent contract,Milwaukee,,"Software, IT / Digital","4,600",15 days ago,https://www.welcometothejungle.com/en/companies/quadient/jobs/account-executive_milwaukee
J202603004 Field Service Technician (Open),Quadient,Řešení automatizace pro digitální transformaci a růst firem.,Permanent contract,Dallas,,"Software, IT / Digital","4,600",16 days ago,https://www.welcometothejungle.com/en/companies/quadient/jobs/j202603004-field-service-technician-open_dallas
Entreprise Account Executive,MakiPeople,AI-powered agents that transform HR into a strategic powerhouse.,Permanent contract,New York,No remote work,"Software, SaaS / Cloud Services",50,15 days ago,https://www.welcometothejungle.com/en/companies/maki/jobs/entreprise-account-executive_new-york
Liaison MRB Engineer,SOGECLAIR,Solutions innovantes pour une mobilité sobre et sûre.,Permanent contract,Wichita,No remote work,,"1,100",15 days ago,https://www.welcometothejungle.com/en/companies/groupe-sogeclair/jobs/liaison-mrb-engineer_wichita
Channel Distribution Manager,Socomec,Équipements électriques pour la continuité et l'optimisation de l'énergie.,Permanent contract,Watertown,,"Electronics / Telecommunications, SocialTech / GreenTech","4,400",15 days ago,https://www.welcometothejungle.com/en/companies/socomec/jobs/channel-distribution-manager_watertown
Senior Account Executive – Automotive (North East USA),Diffusely,AI media enhancement for automotive visual production.,Permanent contract,Raleigh,Fully-remote,"Software, Artificial Intelligence / Machine Learning",200,15 days ago,https://www.welcometothejungle.com/en/companies/diffusely/jobs/senior-sales-executive-automotive-saas-north-east-usa_raleigh
Commercial Manager,Ekimetrics,Solutions d'IA pour une performance business durable.,Permanent contract,New York,A few days at home,"IT / Digital, Strategy",500,16 days ago,https://www.welcometothejungle.com/en/companies/ekimetrics/jobs/sales-manager_new-york_EKIME_qyoQKVg
Customer Success Manager,Socomec,Équipements électriques pour la continuité et l'optimisation de l'énergie.,Permanent contract,Watertown,,"Electronics / Telecommunications, SocialTech / GreenTech","4,400",19 days ago,https://www.welcometothejungle.com/en/companies/socomec/jobs/customer-success-manager_watertown
Buyer,Socomec,Équipements électriques pour la continuité et l'optimisation de l'énergie.,Permanent contract,Suwanee,,"Electronics / Telecommunications, SocialTech / GreenTech","4,400",19 days ago,https://www.welcometothejungle.com/en/companies/socomec/jobs/buyer_suwanee_SOCOM_8OR1V6m
Account Executive,Quadient,Řešení automatizace pro digitální transformaci a růst firem.,Permanent contract,Denver,,"Software, IT / Digital","4,600",22 days ago,https://www.welcometothejungle.com/en/companies/quadient/jobs/account-executive_boise
J202602047 Field Service Technician 2,Quadient,Řešení automatizace pro digitální transformaci a růst firem.,Permanent contract,Washington,,"Software, IT / Digital","4,600",23 days ago,https://www.welcometothejungle.com/en/companies/quadient/jobs/j202602047-field-service-technician-2_washington
Sales Manager – Pacific Northwest (People Leader Role),Quadient,Řešení automatizace pro digitální transformaci a růst firem.,Permanent contract,Seattle,,"Software, IT / Digital","4,600",23 days ago,https://www.welcometothejungle.com/en/companies/quadient/jobs/sales-manager_seattle
Inventory Planning Manager,Hermès,Objets de luxe artisanaux et créatifs.,Permanent contract,Manhattan,,,"26,494",23 days ago,https://www.welcometothejungle.com/en/companies/hermes/jobs/inventory-planning-manager_manhattan_HERMS_qGWR5mr
Talent Acquisition - US (Contractor),Mistral Ai,Modèles d'IA ouverts et accessibles pour l'innovation générative.,Permanent contract,Palo Alto,A few days at home,"Artificial Intelligence / Machine Learning, IT / Digital",280,24 days ago,https://www.welcometothejungle.com/en/companies/mistral-ai/jobs/talent-acquisition-us-contractor_palo-alto
Technical Program Lead,Kraken,Éditeur de logiciel pour énergies renouvelables.,Permanent contract,New York,A few days at home,"Environment / Sustainable Development, SaaS / Cloud Services","1,828",last month,https://www.welcometothejungle.com/en/companies/kraken/jobs/program-technical-lead_new-york
"Account Manager, Mid-Market",Botify,AI-powered platform for optimizing organic search and performance marketing.,Permanent contract,New York,A few days at home,"Software, SaaS / Cloud Services",150,29 days ago,https://www.welcometothejungle.com/en/companies/botify/jobs/account-manager-mid-market_new-york_BOTIF_j7gpWPJ
Sales Manager - People Leader,Quadient,Řešení automatizace pro digitální transformaci a růst firem.,Permanent contract,Detroit,,"Software, IT / Digital","4,600",last month,https://www.welcometothejungle.com/en/companies/quadient/jobs/sales-manager-people-leader_detroit
Director of Program Management,Safran Electronics & Defense,"Solutions high-tech pour l'Aéronautique, la Défense et le Spatial.",Permanent contract,Irvine,No remote work,Aeronautics / Space,"14,000",last month,https://www.welcometothejungle.com/en/companies/safran-electronics-defense-fr/jobs/director-of-program-management_irvine
"VP, Reasoning Systems",Dataiku,The Universal AI Platform for managing and building AI initiatives.,Permanent contract,New York,No remote work,"Software, Artificial Intelligence / Machine Learning","1,000",last month,https://www.welcometothejungle.com/en/companies/dataiku/jobs/vp-industry-solutions_remote
Senior Account Executive - SaaS Automotive (Pacific USA),Diffusely,AI media enhancement for automotive visual production.,Permanent contract,Los Angeles,Fully-remote,"Software, Artificial Intelligence / Machine Learning",200,last month,https://www.welcometothejungle.com/en/companies/diffusely/jobs/senior-account-executive-automotive-pacific-west-usa_raleigh
Senior Account Executive – SaaS Automotive (Midwest USA),Diffusely,AI media enhancement for automotive visual production.,Permanent contract,Columbus,Fully-remote,"Software, Artificial Intelligence / Machine Learning",200,last month,https://www.welcometothejungle.com/en/companies/diffusely/jobs/senior-account-executive-automotive-midwest-usa_columbus
IT Support Specialist,Socomec,Équipements électriques pour la continuité et l'optimisation de l'énergie.,Permanent contract,Suwanee,A few days at home,"Electronics / Telecommunications, SocialTech / GreenTech","4,400",last month,https://www.welcometothejungle.com/en/companies/socomec/jobs/it-support-specialist_suwanee
Export Compliance Principal Specialist,Safran Electronics & Defense,"Solutions high-tech pour l'Aéronautique, la Défense et le Spatial.",Permanent contract,Irvine,No remote work,Aeronautics / Space,"14,000",last month,https://www.welcometothejungle.com/en/companies/safran-electronics-defense-fr/jobs/export-compliance-principal-specialist_irvine
Export Compliance Principal Specialist,Safran Electronics & Defense,"Solutions high-tech pour l'Aéronautique, la Défense et le Spatial.",Permanent contract,Grand Prairie,No remote work,Aeronautics / Space,"14,000",last month,https://www.welcometothejungle.com/en/companies/safran-electronics-defense-fr/jobs/export-compliance-principal-specialist_grand-prairie
Enterprise Account Executive - US,Qevlar AI,AI-powered SaaS for operational cybersecurity teams,Permanent contract,New York,Fully-remote,"Artificial Intelligence / Machine Learning, SaaS / Cloud Services",40,last month,https://www.welcometothejungle.com/en/companies/qevlar-ai/jobs/enterprise-account-executive-us_new-york
Travel Coordinator,L-Acoustics,Systèmes de sonorisation professionnelle haut de gamme.,Permanent contract,Camarillo,No remote work,"Software, Music","1,000",last month,https://www.welcometothejungle.com/en/companies/l-acoustics/jobs/travel-coordinator_westlake
BDC Agent,MSX International,Services dédiés aux constructeurs automobiles et acteurs de la mobilité.,Permanent contract,Southfield,,Automotive,420,last month,https://www.welcometothejungle.com/en/companies/msx-international/jobs/bdc-agent_southfield
Infrastructure Solution Architect - US,Mistral Ai,Modèles d'IA ouverts et accessibles pour l'innovation générative.,Permanent contract,Palo Alto,Fully-remote,"Artificial Intelligence / Machine Learning, IT / Digital",280,last month,https://www.welcometothejungle.com/en/companies/mistral-ai/jobs/deployment-strategist-ai-hybrid-cloud-us_palo-alto
SEO Consultant [Opening soon],Botify,AI-powered platform for optimizing organic search and performance marketing.,Permanent contract,New York,No remote work,"Software, SaaS / Cloud Services",150,last month,https://www.welcometothejungle.com/en/companies/botify/jobs/seo-consultant-opening-soon_new-york_BOTIF_lwGgKoV
Mid Market Account Executive,Crossbeam,Ecosystem Revenue Platform for GTM teams to unlock opportunities and accelerate deals.,Permanent contract,Philadelphia,No remote work,"Software, SaaS / Cloud Services",128,last month,https://www.welcometothejungle.com/en/companies/reveal/jobs/mid-market-account-executive_paris
Instructional Designer,MSX International,Services dédiés aux constructeurs automobiles et acteurs de la mobilité.,Permanent contract,Warwick,,Automotive,420,last month,https://www.welcometothejungle.com/en/companies/msx-international/jobs/instructional-designer_warwick_MI_ANeNKPw
